topic_name,subreddit_name,avg_neg,avg_pos,avg_neu,avg_compound,subscribers_count,comments_count,submissions_count,,,,,,
Parkland,Anarchism,0.138647059,0.079209469,0.782146341,-0.159420803,92931,124,10,,,,,,
Parkland,canada,0.111419429,0.08200771,0.806563608,-0.082507247,363803,405,13,,,,,,
Parkland,Catholicism,0.119582669,0.102262948,0.775166335,-0.036074104,43439,130,2,,,,,,
Parkland,college,0.119588235,0.107,0.773411765,-0.196282353,116906,4,2,,,,,,
Parkland,communism,0.11219171,0.079533679,0.808284974,-0.161479275,52363,16,3,,,,,,
Parkland,Conservative,0.123116682,0.089635953,0.786947004,-0.099022373,134062,1497,295,,,,,,
Parkland,democrats,0.138221184,0.087414953,0.774353894,-0.121682991,56922,286,70,,,,,,
Parkland,environment,0.126229508,0.092147541,0.781639344,0.014411475,388325,15,2,,,,,,
Parkland,Full_news,0.125849673,0.09048366,0.783718954,-0.085360784,11843,32,6,,,,,,
Parkland,geopolitics,0.090415978,0.079261708,0.830319559,-0.043314325,89222,21,0,,,,,,
Parkland,Liberal,0.129587347,0.080624174,0.789783758,-0.124114636,49362,196,37,,,,,,
Parkland,Libertarian,0.134420669,0.084929726,0.78064542,-0.134182741,220325,2969,152,,,,,,
Parkland,moderatepolitics,0.124338284,0.077259901,0.798386964,-0.12087401,21666,191,8,,,,,,
Parkland,neutralnews,0.115004762,0.080995238,0.804007937,-0.111136508,41735,97,8,,,,,,
Parkland,NeutralPolitics,0.121662058,0.08112084,0.796197133,-0.128747209,229353,259,16,,,,,,
Parkland,news,0.133877003,0.083017953,0.782723237,-0.131218132,16004162,27523,961,,,,,,
Parkland,PoliticalDiscussion,0.122396701,0.086560035,0.787883098,-0.102683088,282815,1184,31,,,,,,
Parkland,politics,0.12754827,0.08742015,0.78433399,-0.105789552,3811751,60378,2076,,,,,,
Parkland,progressive,0.135978723,0.0776,0.786412766,-0.11088383,50294,46,22,,,,,,
Parkland,qualitynews,0.03,0,0.97,-0.05135,11567,1,2,,,,,,
Parkland,Republican,0.126241905,0.095769524,0.778001905,-0.076672381,42843,96,26,,,,,,
Parkland,socialism,0.143469565,0.082502174,0.774043478,-0.169921196,136296,153,15,,,,,,
Parkland,technology,0.11816708,0.095498347,0.785646694,-0.06026011,6140729,1555,33,,,,,,
Parkland,TheNewRight,0.135420935,0.079498886,0.785084633,-0.1288049,24492,77,76,,,,,,
Parkland,The_Donald,0.117744559,0.08660354,0.794947531,-0.082196005,607164,12445,3756,,,,,,
Parkland,TrueReddit,0.137923647,0.085052987,0.776697877,-0.143059059,406269,821,20,,,,,,
Parkland,unitedkingdom,0.110518828,0.090221757,0.799246862,-0.078824686,194925,48,2,,,,,,
Parkland,worldevents,0,0,0,0,46114,0,0,,,,,,
Parkland,worldnews,0.122282602,0.087178449,0.789318037,-0.100406779,18671986,3132,148,,,,,,
Parkland,worldpolitics,0.13518956,0.078831044,0.785973214,-0.134343269,327128,227,90,,,,,,
NorthKorea,Anarchism,0.166666667,0.005333333,0.828,-0.037783333,92931,1,0,,,,,,
NorthKorea,canada,0.090847059,0.105335294,0.803817647,0.046082941,363803,35,2,,,,,,
NorthKorea,Catholicism,0.032333333,0.082333333,0.885333333,0.071833333,43439,2,0,,,,,,
NorthKorea,college,0,0,0,0,116906,0,0,,,,,,
NorthKorea,communism,0.068045714,0.096034286,0.83592,0.083694286,52363,18,5,,,,,,
NorthKorea,Conservative,0.089516074,0.105526227,0.804930626,0.028153299,134062,98,16,,,,,,
NorthKorea,democrats,0.101824324,0.087527027,0.810641892,0.005676351,56922,18,19,,,,,,
NorthKorea,environment,0,0,0,0,388325,0,0,,,,,,
NorthKorea,Full_news,0,0,0,0,11843,0,0,,,,,,
NorthKorea,geopolitics,0.077925532,0.099051672,0.823029635,0.042023176,89222,143,6,,,,,,
NorthKorea,Liberal,0.089361446,0.130807229,0.779831325,0.12560241,49362,9,1,,,,,,
NorthKorea,Libertarian,0.084477848,0.111060127,0.804468354,0.062623734,220325,55,8,,,,,,
NorthKorea,moderatepolitics,0.101384615,0.119923077,0.778769231,0.072507692,21666,4,1,,,,,,
NorthKorea,neutralnews,0.055918367,0.076387755,0.867632653,0.058463265,41735,6,1,,,,,,
NorthKorea,NeutralPolitics,0.059484043,0.103606383,0.836909574,0.135703723,229353,18,1,,,,,,
NorthKorea,news,0.089379772,0.107357957,0.803272186,0.047782598,16004162,308,65,,,,,,
NorthKorea,PoliticalDiscussion,0.07506338,0.107788732,0.817142606,0.062263908,282815,60,3,,,,,,
NorthKorea,politics,0.083056999,0.108017513,0.807686541,0.061077456,3811751,2609,186,,,,,,
NorthKorea,progressive,0.01525,0.11025,0.8745,0.254825,50294,1,1,,,,,,
NorthKorea,qualitynews,0.039,0.072333333,0.889,0.098666667,11567,1,1,,,,,,
NorthKorea,Republican,0.1114,0.0984,0.790266667,0.001837333,42843,12,1,,,,,,
NorthKorea,socialism,0.144388889,0.089148148,0.7665,-0.188096296,136296,4,1,,,,,,
NorthKorea,technology,0.092961538,0.083403846,0.823634615,0.018883654,6140729,10,2,,,,,,
NorthKorea,TheNewRight,0.115625,0.081125,0.8031875,-0.079575,24492,4,2,,,,,,
NorthKorea,The_Donald,0.084928705,0.106253961,0.808806617,0.063160205,607164,530,282,,,,,,
NorthKorea,TrueReddit,0.083581395,0.101930233,0.814534884,0.085548837,406269,11,0,,,,,,
NorthKorea,unitedkingdom,0,0,1,0,194925,1,1,,,,,,
NorthKorea,worldevents,0.046125,0.01725,0.936625,-0.0356125,46114,1,0,,,,,,
NorthKorea,worldnews,0.083517343,0.102974555,0.812584314,0.043648241,18671986,2913,190,,,,,,
NorthKorea,worldpolitics,0.093365079,0.076926984,0.829701587,-0.000850794,327128,49,28,,,,,,
Florence,Anarchism,0.295666667,0.0335,0.670833333,-0.414416667,92931,1,2,,,,,,
Florence,canada,0.052283333,0.088216667,0.859483333,0.066518333,363803,13,0,,,,,,
Florence,Catholicism,0.073268085,0.08853617,0.838204255,0.067600426,43439,22,3,,,,,,
Florence,college,0.05925,0.06025,0.8805,-0.114125,116906,2,1,,,,,,
Florence,communism,0,0,0,0,52363,0,0,,,,,,
Florence,Conservative,0.10495,0.066875,0.828225,-0.1083075,134062,11,12,,,,,,
Florence,democrats,0.0981,0.0955,0.80635,0.012135,56922,5,4,,,,,,
Florence,environment,0.06322314,0.048272727,0.888495868,-0.039334711,388325,16,70,,,,,,
Florence,Full_news,0.221,0,0.779,-0.9607,11843,0,6,,,,,,
Florence,geopolitics,0.118133333,0.0668,0.815033333,-0.20313,89222,2,0,,,,,,
Florence,Liberal,0.02205,0.1376,0.8403,0.16514,49362,2,1,,,,,,
Florence,Libertarian,0.149192308,0.101019231,0.749730769,-0.103332692,220325,6,23,,,,,,
Florence,moderatepolitics,0,0,1,0,21666,0,1,,,,,,
Florence,neutralnews,0.0865,0.083961538,0.829538462,-0.052803846,41735,3,10,,,,,,
Florence,NeutralPolitics,0,0,0,0,229353,0,0,,,,,,
Florence,news,0.097522904,0.087428695,0.81505618,-0.050620311,16004162,279,447,,,,,,
Florence,PoliticalDiscussion,0,0,1,0,282815,0,1,,,,,,
Florence,politics,0.092944301,0.076820992,0.829582421,-0.047873954,3811751,825,259,,,,,,
Florence,progressive,0.351,0,0.649,-0.7579,50294,0,1,,,,,,
Florence,qualitynews,0,0.103,0.897,0.4939,11567,0,3,,,,,,
Florence,Republican,0.187,0,0.813,-0.3182,42843,0,1,,,,,,
Florence,socialism,0.134487805,0.066804878,0.798682927,-0.178482927,136296,8,5,,,,,,
Florence,technology,0.087131579,0.102486842,0.810381579,-0.076636842,6140729,15,15,,,,,,
Florence,TheNewRight,0.088333333,0.026666667,0.885333333,-0.211566667,24492,0,7,,,,,,
Florence,The_Donald,0.102183206,0.104274809,0.787435878,-0.039265191,607164,339,314,,,,,,
Florence,TrueReddit,0.185076923,0.119153846,0.695769231,-0.234023077,406269,1,1,,,,,,
Florence,unitedkingdom,0.031,0.067333333,0.901666667,-0.0792,194925,2,1,,,,,,
Florence,worldevents,0,0,0,0,46114,0,0,,,,,,
Florence,worldnews,0.091098309,0.073701903,0.832020085,-0.068462579,18671986,182,468,,,,,,
Florence,worldpolitics,0.114494949,0.049030303,0.836464646,-0.159953535,327128,9,11,,,,,,
Shutdown,Anarchism,0.084548387,0.118806452,0.796677419,0.021464516,92931,7,2,,,,,,
Shutdown,canada,0.073624,0.128528,0.797832,0.13104,363803,17,1,,,,,,
Shutdown,Catholicism,0,0,0,0,43439,0,0,,,,,,
Shutdown,college,0,0,0,0,116906,0,0,,,,,,
Shutdown,communism,0,0,0,0,52363,0,0,,,,,,
Shutdown,Conservative,0.091963807,0.086077748,0.819262735,-0.016542225,134062,146,138,,,,,,
Shutdown,democrats,0.089966019,0.070621359,0.839441748,-0.083906311,56922,27,39,,,,,,
Shutdown,environment,0.06704918,0.096491803,0.820032787,0.060393443,388325,13,16,,,,,,
Shutdown,Full_news,0.339,0,0.661,-0.6249,11843,0,1,,,,,,
Shutdown,geopolitics,0.084229508,0.132721311,0.78304918,0.030455738,89222,6,0,,,,,,
Shutdown,Liberal,0.071,0.067222222,0.861666667,-0.066044444,49362,2,5,,,,,,
Shutdown,Libertarian,0.089484657,0.087323105,0.821370939,-0.005454152,220325,221,37,,,,,,
Shutdown,moderatepolitics,0.095767635,0.10473029,0.799510373,0.013284232,21666,39,5,,,,,,
Shutdown,neutralnews,0.085509363,0.079546816,0.834932584,-0.002446067,41735,40,33,,,,,,
Shutdown,NeutralPolitics,0.041596939,0.073306122,0.885102041,0.056768367,229353,22,11,,,,,,
Shutdown,news,0.097217664,0.09188433,0.810898575,-0.024532308,16004162,330,228,,,,,,
Shutdown,PoliticalDiscussion,0.074588331,0.10587034,0.819529984,0.065384117,282815,86,17,,,,,,
Shutdown,politics,0.090955764,0.08486194,0.823790357,-0.016520282,3811751,4635,1022,,,,,,
Shutdown,progressive,0.085416667,0.094833333,0.819583333,0.010025,50294,5,5,,,,,,
Shutdown,qualitynews,0.150428571,0.066857143,0.782857143,-0.241271429,11567,3,5,,,,,,
Shutdown,Republican,0.07615493,0.088352113,0.835492958,-0.000470423,42843,16,14,,,,,,
Shutdown,socialism,0.0972,0.1028,0.79995,0.00696,136296,5,2,,,,,,
Shutdown,technology,0.09088785,0.067317757,0.841775701,-0.032641121,6140729,20,7,,,,,,
Shutdown,TheNewRight,0.032588235,0.071823529,0.895588235,0.0134,24492,3,8,,,,,,
Shutdown,The_Donald,0.080290106,0.087627341,0.827092697,0.01173519,607164,1343,848,,,,,,
Shutdown,TrueReddit,0.1006,0.09044,0.80896,-0.02194,406269,14,5,,,,,,
Shutdown,unitedkingdom,0.127666667,0.103166667,0.769148148,-0.071679012,194925,10,2,,,,,,
Shutdown,worldevents,0,0,0,0,46114,0,0,,,,,,
Shutdown,worldnews,0.086816619,0.0928465,0.819512485,-0.002021736,18671986,428,220,,,,,,
Shutdown,worldpolitics,0.098694823,0.088588556,0.812754768,-0.046808174,327128,70,71,,,,,,
Kavanaugh,Anarchism,0.138209424,0.090324607,0.771471204,-0.071136649,92931,27,13,,,,,,
Kavanaugh,canada,0.099214907,0.072280745,0.828498137,-0.04916559,363803,142,2,,,,,,
Kavanaugh,Catholicism,0.103180685,0.090649533,0.806182243,-0.033723053,43439,68,11,,,,,,
Kavanaugh,college,0.05,0.0615,0.888,0.064,116906,2,1,,,,,,
Kavanaugh,communism,0,0.203,0.797,0.2584,52363,0,1,,,,,,
Kavanaugh,Conservative,0.107078515,0.085860318,0.806715062,-0.057440853,134062,3112,1258,,,,,,
Kavanaugh,democrats,0.114711615,0.08302153,0.800571105,-0.068806969,56922,303,512,,,,,,
Kavanaugh,environment,0.093466667,0.0902,0.8164,-0.0746,388325,5,6,,,,,,
Kavanaugh,Full_news,0.079,0.042,0.879,-0.0076,11843,1,5,,,,,,
Kavanaugh,geopolitics,0.097142857,0.114285714,0.788428571,0.110171429,89222,2,1,,,,,,
Kavanaugh,Liberal,0.114836257,0.078641326,0.806528265,-0.06281462,49362,117,152,,,,,,
Kavanaugh,Libertarian,0.102455357,0.082465453,0.814904315,-0.054075996,220325,2150,351,,,,,,
Kavanaugh,moderatepolitics,0.097605821,0.084216463,0.818177028,-0.035544222,21666,814,70,,,,,,
Kavanaugh,neutralnews,0.092701901,0.082806316,0.822883661,-0.027622011,41735,505,76,,,,,,
Kavanaugh,NeutralPolitics,0.069156777,0.076668864,0.851246154,0.01195011,229353,198,15,,,,,,
Kavanaugh,news,0.105336954,0.08261575,0.811815117,-0.057124983,16004162,259,692,,,,,,
Kavanaugh,PoliticalDiscussion,0.091404609,0.084253079,0.823839611,-0.022328592,282815,2497,109,,,,,,
Kavanaugh,politics,0.100553777,0.088128479,0.810363873,-0.031068992,3811751,96041,7489,,,,,,
Kavanaugh,progressive,0.125393162,0.07965812,0.773619658,-0.118015385,50294,52,152,,,,,,
Kavanaugh,qualitynews,0.084064516,0.05783871,0.858129032,-0.092009677,11567,12,9,,,,,,
Kavanaugh,Republican,0.109221469,0.083187571,0.80759887,-0.056078757,42843,183,110,,,,,,
Kavanaugh,socialism,0.041253012,0.038421687,0.920325301,0.023045783,136296,6,9,,,,,,
Kavanaugh,technology,0.102880845,0.089636501,0.807472097,-0.046532127,6140729,137,19,,,,,,
Kavanaugh,TheNewRight,0.120609589,0.086876712,0.792554795,-0.124506849,24492,28,102,,,,,,
Kavanaugh,The_Donald,0.1097504,0.090621351,0.797698708,-0.047651915,607164,18874,8238,,,,,,
Kavanaugh,TrueReddit,0.10798,0.084616923,0.8074,-0.062875692,406269,101,15,,,,,,
Kavanaugh,unitedkingdom,0.114473684,0.074394737,0.811157895,-0.105539474,194925,4,0,,,,,,
Kavanaugh,worldevents,0.181,0.048,0.771,-0.7506,46114,0,5,,,,,,
Kavanaugh,worldnews,0.111385808,0.091761923,0.796467235,-0.054001086,18671986,485,1120,,,,,,
Kavanaugh,worldpolitics,0.112720832,0.088035704,0.798679224,-0.061477818,327128,697,327,,,,,,
