subreddit_id,node,level,customers,total_words,parent
0,15,2,2,456,1
1,35,2,2,321,3
2,6,2,4,412,3
3,2,2,3,513,1
4,4,2,3,329,3
5,18,2,2,350,3
6,6,2,4,412,3
7,9,2,3,518,1
8,2,2,3,513,1
9,17,2,2,277,1
10,35,2,2,321,3
11,5,2,4,418,1
12,4,2,3,329,3
13,5,2,4,418,1
14,17,2,2,277,1
15,15,2,2,456,1
16,36,2,2,337,1
17,6,2,4,412,3
18,22,2,2,302,3
19,6,2,4,412,3
20,7,2,2,338,3
21,18,2,2,350,3
22,22,2,2,302,3
23,4,2,3,329,3
24,2,2,3,513,1
25,9,2,3,518,1
26,9,2,3,518,1
27,36,2,2,337,1
28,5,2,4,418,1
29,5,2,4,418,1
30,7,2,2,338,3
